entity_ID,name,labelName
entity0,Wuhan University V1,State_of_1893/01
entity1,Wuhan University V2,State_of_1902/10
entity2,Wuhan University V3,State_of_1913/07
entity3,Wuhan University V4,State_of_1923/09
entity4,Wuhan University V5,State_of_1925/01
entity5,Wuhan University V6,State_of_1926/10
entity6,Wuhan University V7,State_of_1928/07
entity7,Wuhan University V8,State_of_1932/03
entity8,Wuhan University V9,State_of_1938/01
entity9,Wuhan University V10,State_of_1946/01
entity10,Wuhan University V11,State_of_1949/08