Event_ID,name,version_ID
Event0,subject,version0
Event0,object,version1
Event1,subject,version1
Event1,object,version2
Event2,subject,version2
Event2,object,version3
Event3,subject,version3
Event3,object,version4
Event4,subject,version4
Event4,object,version5
Event5,subject,version5
Event5,object,version6
Event6,subject,version6
Event6,object,version7
Event7,subject,version7
Event7,object,version8
Event8,subject,version8
Event8,object,version9
Event9,subject,version9
Event9,object,version10
Event10,subject,version10